Mouse,GKD219,GKD310_1,GKD310_2,GKD310,GKD348,GKD176,GKD180,GKD184,GKD138,GKD139,GKD175,GKD035,GKD036_1,GKD036_2,GKD036,GKD073
Age,3,3,3,3,3,6,6,6,12,12,12,18,18,18,18,18
main_Cerebellum_ANcr1gr,,,,,48.96445063,,,54.94901705,54.54512983,,51.16724667,50.54168421,,,,
main_Cerebellum_ANcr1mo,,,,,51.87091023,,,48.84036269,53.17118548,,52.47310736,56.56879592,,,,
main_Cerebellum_CENT2gr,50.20759817,,,,,50.54970175,50.51179268,,,51.40047115,,,50.05578908,51.08173312,50.5687611,
main_Cerebellum_CENT2mo,50.66287244,,,,,48.88474419,54.12508197,,,51.66468009,,,49.08326218,47.84500234,48.46413226,
main_Cerebellum_CENT3gr,52.27716901,53.13749432,51.12222038,52.12985735,50.90056452,52.97308642,53.12699067,53.01417272,54.20133036,52.43824605,50.27991392,53.56276377,50.96661111,53.47297213,52.21979162,45.41517808
main_Cerebellum_CENT3mo,49.30193651,50.52561316,49.11753947,49.82157632,55.5040236,47.94313965,51.79186896,49.0152037,44.16891813,49.1365896,46.39645528,47.28168153,49.92424903,46.72648101,48.32536502,45.98634184
"main_Cerebellum_CUL4,5gr",54.95339474,55.51558904,54.81869492,55.16714198,51.54019355,55.67550181,52.7104142,56.10358578,57.17733453,51.73517537,51.9937993,53.9253041,49.71633043,53.01895413,51.36764228,51.53881522
"main_Cerebellum_CUL4,5mo",47.19444072,50.45185417,50.71769841,50.58477629,54.35180826,47.3067641,50.39790044,50.4828543,45.84003896,51.08844264,54.06515635,47.33227475,52.48846561,48.46350271,50.47598416,50.00628214
main_Cerebellum_DECgr,54.59837174,53.65063265,51.94544372,52.79803819,51.69897479,54.31367125,52.51901337,,,49.56754346,,,50.26595607,51.4435614,50.85475874,
main_Cerebellum_DECmo,47.1100117,53.17788608,49.80568,51.49178304,54.95692857,49.49188,51.42756213,,,56.6739032,,,55.89394792,52.64571127,54.26982959,
main_Cerebellum_FN,42.14432381,38.55552778,42.64403333,40.59978056,43.199625,39.37895364,42.06234965,43.37175,,42.86265789,,,40.56061905,44.19078947,42.37570426,34.75540909
main_Cerebellum_FOTUgr,51.35112121,51.23134947,50.42025083,50.82580015,51.62483929,50.95853333,47.95982316,,,51.16777741,,,51.31285714,52.72177031,52.01731373,
main_Cerebellum_FOTUmo,49.32521725,53.64171981,51.12505769,52.38338875,54.89241379,49.90854605,53.64560169,,,51.87211765,,,60.41135079,58.73718987,59.57427033,
main_Cerebellum_IP,42.27827083,44.88034043,47.79820209,46.33927126,49.77523538,43.0801,42.0643125,47.98674753,37.798,45.63766871,41.20611818,37.10781801,37.62036905,46.25952381,41.93994643,35.22696
main_Cerebellum_NODgr,46.12851333,46.26762591,45.22652679,45.74707635,45.5283,46.07917333,46.07676471,46.69680215,,44.80307921,,,43.95186239,46.77801075,45.36493657,
main_Cerebellum_NODmo,48.10510906,50.1875814,49.86203571,50.02480855,55.36334375,47.0302844,51.53367059,50.86684001,,45.62366667,,,51.9573271,52.90456198,52.43094454,
main_Cerebellum_PYRgr,50.03982609,50.5082027,51.0257971,50.7669999,49.99728467,49.94275253,47.827475,53.39209804,,49.42055385,,,49.79117143,52.1672552,50.97921331,
main_Cerebellum_PYRmo,47.79944295,52.98880402,51.59992506,52.29436454,57.86467677,51.46002882,53.25262936,51.07840909,,50.40790389,,,57.81440534,58.80571212,58.31005873,
main_Cerebellum_UVUgr,49.22971675,,,,50.47675,48.44856296,44.78301176,48.34375245,,48.05688315,,,48.57297416,50.13315936,49.35306676,
main_Cerebellum_UVUMo,49.38633103,,,,57.75038667,50.09527801,52.40690164,51.28029771,,53.46851868,,,54.69675516,56.73259303,55.7146741,
main_CorticalSubplate_CLA,45.37640758,45.72210844,44.61041935,45.1662639,48.64874687,44.67756444,44.7677126,48.43486411,47.56764955,45.50302995,48.67735631,54.76603947,43.41827876,47.82089458,45.61958667,40.75198171
main_CorticalSubplate_EPd,42.68012951,44.65547059,41.85636634,43.25591846,48.00545946,47.14415278,43.92657615,47.12154141,43.67652915,44.14625874,45.56633946,48.61845849,40.38099855,44.70393449,42.54246652,39.3137549
main_FibreTracts_aco,49.26084253,52.45865806,47.05866667,49.75866237,55.275,31.746,44.807,52.38357143,52.3375,54.5055,,52.57743215,42.37792105,50.28562032,46.33177069,44.3844375
main_FibreTracts_act,46.0437,57.17398462,45.66618182,51.42008322,56.557,32.94929656,36.37468145,51.332,49.06684848,41.37237391,42.38630882,50.8717,45.51706639,53.51918182,49.51812411,45.1479
main_FibreTracts_alv,49.31118373,54.208,49.43895714,51.82347857,59.34742857,47.371,51.1865,56.1225,48.37383333,,56.00553571,51.57041923,46.46825,46.33912195,46.40368598,46.19703704
main_FibreTracts_arb,45.50325,50.0893,45.58453828,47.83691914,,45.0115,0,51.58901563,58.77766667,52.7535602,51.89075,49.40275,39.037,53.7955,46.41625,53.00366667
main_FibreTracts_bsc,50.56544167,57.27045833,52.12366667,54.6970625,59.05057143,55.13005556,48.61875,62.51825,53.45686667,41.49735714,53.60740625,54.78503448,45.5996875,49.45933333,47.52951042,46.828125
main_FibreTracts_cc,53.45983333,55.63117647,50.8899729,53.26057469,60.39401818,46.2044,53.0764,58.8360809,52.92879301,51.04616,57.92484444,56.72063492,43.13058824,52.9046,48.01759412,48.651
main_FibreTracts_cpd,0,37.41416667,0,18.70708333,0,0,36.014875,0,39.89124286,36.738,40.4,45.85525,45.11802009,49.94735,47.53268504,30.069
main_FibreTracts_fi,49.95732488,53.8965,46.8920974,50.3942987,48.76383585,0,0,48.52527885,54.23330723,43.56458442,37.11716667,51.01009756,0,49.92368873,24.96184436,25.505
main_FibreTracts_int,,51.39269231,42.50989015,46.95129123,51.00463636,35.35026905,41.04817808,50.71466667,45.87355844,45.78548214,47.36353289,52.26984864,40.63105519,49.65631466,45.14368492,44.86077597
main_FibreTracts_lot,,51.36335088,49.22358514,50.29346801,56.95469231,47.95748276,47.20139775,55.35610204,51.8786375,43.15489028,59.74184286,57.83066026,50.45177778,56.36414286,53.40796032,45.13245455
main_FibreTracts_mcp,31.0316131,0,0,0,0,,0,38.5198925,45.0436,45.13542411,0,44.6058,0,46.22025,23.110125,0
main_FibreTracts_ml,49.25463465,55.42186835,54.26366667,54.84276751,62.96688889,47.32891667,51.92377381,54.36966667,54.82904167,50.69593333,45.04527692,51.47329412,49.09541,61.08234286,55.08887643,48.0015404
main_FibreTracts_opt,,0,0,0,0,0,0,0,30.112975,42.20384914,0,0,0,47.984,23.992,52.18704167
main_FibreTracts_scp,,51.76478571,53.24954444,52.50716508,56.32175,46.95033333,48.34610088,53.93805254,44.07363742,,49.77281818,45.90624405,46.47704902,54.84410216,50.66057559,46.9585
main_FibreTracts_sctv,,59.6765,53.21612308,56.44631154,57.85344828,41.15266071,50.18502273,58.258125,46.7253602,55.4914,55.47258333,46.302,46.835,56.00707143,51.42103571,41.98028889
main_FibreTracts_sptV,,,,,48.454,,0,48.73466667,54.40030208,47.73540833,46.14369231,50.96040714,55.0495,46.16828205,50.60889103,50.84
main_FibreTracts_st,,50.95921429,51.336,51.14760714,62.063,47.62665217,47.50576119,50.67473879,54.3766,,53.47641667,50.09375,42.81067133,50.79255556,46.80161344,45.99709091
main_FibreTracts_tb,0,58.92254545,,58.92254545,59.83986667,,55.69328571,48.9054,55.62135,50.4476,59.0738,45.4935,52.05042857,60.16266667,56.10654762,49.16366667
main_FibreTracts_vlln,0,37.79438889,0,18.89719444,41.69395833,0,0,33.8040125,35.07053846,44.06921875,47.24926667,46.06194118,21.48533333,0,10.74266667,39.0742
main_Hippocampus_CA1slm,55.6404316,55.26119346,60.18943974,57.7253166,55.66628153,58.6192537,56.69573267,57.39246934,54.20917301,55.44812567,53.94181984,55.75405345,56.32652401,53.95822713,55.14237557,52.65411316
main_Hippocampus_CA1so,55.16103491,55.15653647,54.79205895,54.97429771,56.51524109,57.47569373,55.4545052,56.18795643,56.05978577,54.02499536,56.12978275,58.387643,56.44216147,53.68996789,55.06606468,51.92519035
main_Hippocampus_CA1sp,44.06473137,45.15436419,44.62633623,44.89035021,47.25626645,44.81001754,45.86573333,42.97067123,39.69152846,45.34890828,42.06073381,37.88505556,39.45210615,42.79104703,41.12157659,35.71929972
main_Hippocampus_CA1sr,63.13805485,61.33174113,56.0369539,58.68434751,61.2661936,59.08331311,56.60899049,64.03686918,60.25957296,55.7526687,60.63874157,63.18255529,55.207959,58.03796552,56.62296226,54.07756557
main_Hippocampus_CA2slm,56.27600941,53.17455886,55.96488053,54.5697197,52.75560635,57.06750265,59.72159782,54.51252941,51.94383114,54.77008226,52.81347379,49.65297932,59.86516627,58.45664804,59.16090716,54.19214255
main_Hippocampus_CA2so,52.47946009,51.11437963,50.98175458,51.04806711,52.26736341,55.63236585,50.21877109,49.83139937,51.09828415,50.62793459,46.75084107,50.79345049,53.29960704,51.5837885,52.44169777,52.06797692
main_Hippocampus_CA2sp,41.75376358,39.26079592,34.98278788,37.1217919,42.97643955,29.74941619,30.56702083,34.982,29.34759931,26.30817647,31.55496465,30.03185476,28.63316667,28.93593681,28.78455174,28.44864411
main_Hippocampus_CA2sr,47.6741056,45.15721554,46.82459494,45.99090524,45.83890058,52.28419902,46.42942903,46.77694915,46.78996053,45.37321693,42.93156183,45.4356381,47.06695046,43.43453979,45.25074513,43.94183283
main_Hippocampus_CA3slm,44.66679394,42.71068222,46.84223502,44.77645862,45.04940721,50.48624235,43.99219231,45.32110192,44.6545914,44.29001993,45.99870174,45.85362597,48.8471372,43.04645199,45.94679459,40.87948895
main_Hippocampus_CA3slu,50.42165623,53.46168743,50.61951344,52.04060044,56.15538028,52.0179407,50.57807463,52.10195213,48.84362946,49.40421733,49.68663927,52.39419556,52.26311846,49.75009906,51.00660876,47.03952465
main_Hippocampus_CA3so,43.85555056,44.21094783,42.75144402,43.48119592,45.28469625,46.24083418,43.67312108,44.93987637,42.89745771,43.06545215,42.30120628,43.310125,44.44763933,40.8295102,42.63857477,41.72868421
main_Hippocampus_CA3sp,47.90954217,45.24720455,43.8896701,44.56843732,47.99876828,42.60839286,42.18309146,41.95184615,37.09332813,36.33819626,39.38730682,39.02991579,36.11700847,37.98378658,37.05039753,33.40682143
main_Hippocampus_CA3sr,45.33706006,44.43895179,44.24573352,44.34234266,46.96951771,46.70056391,45.41995197,47.92727326,45.54067593,45.24290567,44.65845344,46.35199725,44.62716519,43.10279487,43.86498003,42.1242974
main_Hippocampus_DGgrInf,43.14285714,38.84223607,41.72133296,40.28178451,42.81579013,38.84855172,39.93354158,40.50623058,35.17835301,37.76342857,36.8033785,34.57321368,38.8326753,38.78673447,38.80970488,35.65247143
main_Hippocampus_DGgrSup,41.16147193,38.9771326,38.13145535,38.55429397,40.64813636,36.58138462,39.66121277,40.9575,35.14722272,35.72734444,35.39054126,32.97491803,38.03829412,37.01040064,37.52434738,34.97240867
main_Hippocampus_DGmoInf,52.76636388,50.21762478,48.29857675,49.25810077,52.45574065,51.56270694,49.84176984,53.32076573,52.6985558,50.7570128,52.15761486,51.56855213,50.72206689,49.82014816,50.27110753,49.33804095
main_Hippocampus_DGmoSup,53.57295755,50.40459197,48.46192443,49.4332582,50.97950181,50.1208546,48.89235435,53.30065659,51.54445987,48.88123007,51.39241762,51.37418155,50.84854385,50.94206202,50.89530294,48.98545961
main_Hippocampus_DGpo,42.2413871,45.99854362,45.99682525,45.99768444,46.8042672,44.88900769,44.75517021,45.85191787,43.41360917,44.90416867,44.84621429,44.01625131,41.14045378,43.98786164,42.56415771,45.21676316
main_Hippocampus_SUB,56.00889449,56.11803921,51.83648134,53.97726028,58.19982803,51.12772485,51.65704816,58.041,56.05546617,52.51559544,55.86279825,57.66011555,45.4647416,50.77969432,48.12221796,48.75413194
main_Hypothalamus_LHA,40.93552,42.53081157,41.76768553,42.14924855,46.0444,42.13677551,41.75574419,43.27003297,38.23001871,41.12964575,39.33594598,43.91781159,39.65760714,48.69085952,44.17423333,38.50461538
main_Hypothalamus_LPO,45.69581167,42.75451696,42.13451471,42.44451584,49.54917105,44.76865867,43.43404509,43.61747222,38.17845652,40.16122222,,41.82742647,37.61836736,46.04613561,41.83225148,38.46146591
main_Hypothalamus_PSTN,,46.93853701,45.2347156,46.08662631,48.14404161,46.81112939,41.434,45.01298039,39.35836913,41.64592135,,,,,,36.22811475
main_Hypothalamus_ZI,49.590825,53.18015097,51.09253947,52.13634522,51.63067143,46.1134359,48.28067872,47.41849389,42.58519294,45.66410829,45.61041905,46.52989291,37.26021875,50.07978908,43.67000391,41.00522917
main_Isocortex_FRP1,73.5896044,64.719175,57.51411988,61.11664744,69.22561267,49.59517028,61.38788955,68.97816924,69.61205177,58.67315905,65.5817628,66.26809194,49.39203061,59.2235768,54.30780371,52.06363763
main_Isocortex_FRP2-3,69.19046486,60.82223012,58.76820227,59.7952162,65.88845152,50.39394348,58.22592191,62.46116413,66.07497391,55.80327206,62.56509027,60.30475513,48.18582705,54.17328947,51.17955826,51.96445485
main_Isocortex_MO1,77.13208516,63.65178364,53.90646667,58.77912515,70.54335731,52.51944262,56.17858333,73.45310983,71.8743871,54.8657984,67.49779978,,52.46435747,62.32986471,57.39711109,52.90150244
main_Isocortex_MO2-3,76.30309036,58.14970794,53.35532312,55.75251553,67.77913506,52.8187134,55.91855329,69.30857557,65.85917135,55.78425459,65.46346479,58.44539327,52.04789285,59.04504778,55.54647031,50.96527549
main_Isocortex_MO5,66.10251667,55.14583578,50.52442857,52.83513218,57.61830612,49.36817726,51.40422983,61.42711517,61.58841322,50.78452269,60.80379806,55.49592748,48.65365543,53.69594713,51.17480128,47.06909968
main_Isocortex_MO6a,56.16308525,50.57529082,47.61002372,49.09265727,51.98052548,47.37479916,47.79012609,52.8225019,55.33142292,46.52875568,54.21080385,51.71264533,45.12463288,48.53818871,46.83141079,43.76765641
main_Isocortex_MO6b,47.5599251,46.82874138,42.80778468,44.81826303,49.44800733,48.41946622,44.51130641,47.73922499,46.84242593,43.99889733,48.47772093,46.31139197,40.37515094,43.28835714,41.83175404,42.67317614
main_Isocortex_ORB1,74.1449338,67.5694359,64.12536116,65.84739853,70.30256164,51.32867828,60.89912859,73.2037236,74.34219545,63.65163415,71.99913295,72.42539355,50.21784574,61.48473452,55.85129013,53.30343059
main_Isocortex_ORB2-3,70.18121264,61.98994108,61.93334744,61.96164426,65.52271103,51.50773617,59.31304316,70.45702455,69.37518206,59.81758968,70.15780992,69.03925714,49.83831239,58.20633582,54.02232411,51.67603704
main_Isocortex_ORB5,59.84704784,55.30340942,54.49017895,54.89679419,56.14469749,47.96851911,51.82611,61.45133266,58.57798795,47.01970861,61.67824323,62.77098283,47.64806636,53.32652969,50.48729802,47.24301103
main_Isocortex_ORB6a,52.34500627,49.75890678,47.97505887,48.86698282,50.95882143,46.34111405,48.44506522,53.59048148,51.19109813,51.31629759,53.92123478,55.28604545,43.83158468,48.41693119,46.12425794,43.42132609
main_Isocortex_ORB6b,46.91726397,46.22679513,42.28745013,44.25712263,49.3022381,45.63200794,43.50599792,47.49019186,46.52468272,43.30934234,48.25939786,48.75017643,41.31578022,45.22129442,43.26853732,44.08932594
main_Isocortex_PTLp1,77.40875711,,,,71.69552593,52.73830896,54.05913874,83.93025116,65.52637866,53.06224752,,62.63088219,49.65756552,52.5484339,51.10299971,54.76652947
main_Isocortex_PTLp2-3,75.8057174,59.30524574,55.19931285,57.25227929,72.31786589,53.26900671,55.49253927,74.5201393,67.1470172,56.58284615,64.54566142,63.95876267,51.51701802,52.28477584,51.90089693,54.38198847
main_Isocortex_PTLp4,65.7348676,55.69439072,55.68524156,55.68981614,64.30572372,52.28873611,50.20044697,64.72182143,70.63216382,55.1894226,64.11507122,62.02290942,51.43723513,51.36847662,51.40285587,51.84694534
main_Isocortex_PTLp5,62.71956054,54.79726061,52.97974679,53.8885037,59.26009114,50.70689602,50.21727095,61.5737204,63.55994293,52.97085767,59.20655293,57.98069485,48.98987559,52.00906557,50.49947058,50.80289273
main_Isocortex_PTLp6a,55.12942244,50.61885105,49.9292515,50.27405127,55.25412729,48.22134106,48.35081449,57.05665133,55.23044614,48.51776923,52.87956679,52.38841503,45.56716667,46.7112081,46.13918738,45.74821537
main_Isocortex_PTLp6b,45.85498452,48.45420103,44.52154416,46.4878726,51.09163547,45.6096881,46.29554505,49.08781567,50.82511934,44.72223309,50.18041671,45.01595273,43.51332785,42.27313884,42.89323335,41.65468737
main_Isocortex_RSPd1,59.33947522,,,,56.03773086,48.25151707,46.60781639,71.0444411,61.16260539,53.66568072,47.23387544,52.48399706,41.47537333,48.65622639,45.06579986,48.0678963
main_Isocortex_RSPd2-3,57.58919108,,,,59.08999272,50.26343804,46.74786066,70.07833647,54.67860003,52.29981367,50.26188971,52.76477444,45.79185271,47.46325738,46.62755505,49.35355151
main_Isocortex_RSPd5,57.71397111,,,,52.64665753,,,54.46419499,49.56422107,42.66064255,53.7456186,54.36936664,46.23660668,45.21689759,45.72675213,45.92057627
main_Isocortex_RSPd6a,57.01785599,,,,48.24598273,,,49.4395073,51.82377762,47.88797872,53.64192218,49.96633333,45.59363437,45.1422694,45.36795188,45.25927928
main_Isocortex_RSPv1,54.41513443,49.40059419,45.82267148,47.61163283,57.19184589,43.44163556,44.59518687,54.99340784,52.01640753,48.30576744,51.7288703,46.60090984,43.0380375,47.23808897,45.13806323,42.60675709
main_Isocortex_RSPv2-3,44.6400559,43.57298075,40.76520868,42.16909472,50.39023554,39.56375855,41.92310811,45.36864516,46.80663889,44.49880189,46.76071496,43.16212039,40.24927612,42.17822953,41.21375282,40.31532174
main_Isocortex_RSPv5,56.08493714,52.86343402,47.46072924,50.16208163,50.05144384,44.68606034,46.6615,50.29390698,50.5078931,46.59741702,49.88894931,51.00369091,42.80061621,47.96509455,45.38285538,44.03362191
main_Isocortex_RSPv6a,53.4488809,48.3255251,48.04613187,48.18582849,48.52945405,44.73879424,45.92342322,49.28612393,46.79665719,42.61734165,45.30058065,48.40424484,41.23566637,44.38505462,42.81036049,43.2555782
main_Isocortex_SS1,81.68345244,,55.6069906,55.6069906,79.37769098,50.95054839,52.88462042,76.41630111,81.5140846,52.57510165,69.04502011,60.88999213,51.94851572,57.5028123,54.72566401,55.68693829
main_Isocortex_SS2-3,78.07298318,60.7662619,55.70205621,58.23415906,73.68153669,54.08714208,55.23518684,75.69047876,77.18459268,54.99421802,66.21791749,60.1761902,53.16302851,55.03477538,54.09890195,55.17537745
main_Isocortex_SS4,67.45915385,56.19237653,53.88244799,55.03741226,60.85553991,51.51073114,50.95890585,64.5066099,64.21570198,52.19626126,60.8850744,56.07640057,51.8081683,53.19053116,52.49934973,51.277652
main_Isocortex_SS5,63.83431472,55.03334931,50.64086429,52.8371068,58.09291493,50.0551875,49.68333741,61.26910778,61.29033243,50.01949245,59.16308009,55.12091254,49.4264932,52.23581951,50.83115636,48.813063
main_Isocortex_SS6a,57.93874503,51.9536931,46.51805049,49.2358718,53.81616304,48.57718602,47.98942795,55.49141952,53.73045376,47.33091871,53.5127532,52.27075503,44.86413966,46.68818401,45.77616184,44.60605926
main_Isocortex_SS6b,45.68963636,47.24611894,42.83628034,45.04119964,50.65100463,46.27965816,46.45802817,48.74225478,44.07431664,42.44243385,49.00142364,46.74957051,42.3033063,42.08458658,42.19394644,43.54398343
main_Isocortex_VIS1,64.1641414,,,,67.82273673,51.84605896,51.71271394,73.78075397,58.20972273,56.15085961,62.1007723,55.41011175,50.10814407,51.06884195,50.58849301,54.59786441
main_Isocortex_VIS2-3,62.89987218,54.89130986,52.60614634,53.7487281,66.10620875,54.10509853,53.32209719,71.04379361,61.5845499,55.41430245,63.07249568,56.34989489,48.79698257,48.80651603,48.8017493,54.52093342
main_Isocortex_VIS4,62.8332626,57.41835959,53.97491785,55.69663872,57.94769231,52.74964532,50.92163702,61.99484289,58.07893831,52.93195438,58.62894373,53.01939067,47.76865723,49.33075285,48.54970504,52.23199331
main_Isocortex_VIS5,58.40360952,53.73855922,50.78968235,52.26412078,56.47509756,49.9681711,49.2584221,61.6339461,58.88724603,51.34258463,57.08508814,53.71989223,45.99097386,47.2278144,46.60939413,50.12104227
main_Isocortex_VIS6a,51.48061484,49.86639636,46.42294786,48.14467211,52.50321905,47.01067374,46.07665805,54.76477429,52.90501967,48.44896186,52.30384211,50.49332486,44.05581453,44.5795121,44.31766331,46.34743772
main_Isocortex_VIS6b,44.13992793,46.82265001,44.32224812,45.57244907,49.08044694,41.96292291,44.03541398,46.81885816,45.83458387,42.96762689,47.6044441,45.36189616,44.28633846,42.72510326,43.50572086,41.14824378
main_Medulla_CU,,,43.71992857,43.71992857,48.748,,47.35391135,46.67058258,40.07004664,43.37905556,,38.73391042,37.91963158,37.90010526,37.90986842,37.05066667
main_Medulla_IRN,46.93826471,50.98501431,53.38095609,52.1829852,52.97692503,51.74052543,47.68241667,51.44342857,43.66297206,47.61357576,,43.37502893,41.55763542,,41.55763542,42.04879245
main_Medulla_LI,,47.16027586,51.05018182,49.10522884,48.49743623,,38.9106943,45.05342278,38.13068157,,,40.16897363,40.1083871,,40.1083871,
main_Medulla_LRN,,,,,50.06284896,,43.85109593,45.35233333,41.20457031,39.31175862,39.58940398,41.90577778,42.8709858,,42.8709858,43.68176522
main_Medulla_MDRN,42.21991941,,,,53.59771605,,49.82224242,51.24419048,47.47202467,48.32841379,,47.99743396,44.21129257,,44.21129257,46.1279428
main_Medulla_MV,45.31429514,43.70444048,46.30094118,45.00269083,48.93429545,46.04974074,42.60797024,47.89835897,40.44214815,46.94812963,40.80262007,37.99547619,36.51455556,43.98856471,40.25156013,36.87122857
main_Medulla_MX,,,,,52.84404225,,46.06516483,51.5535104,43.92792763,,,42.66767308,44.92750746,45.47398077,45.20074412,42.82195599
main_Medulla_PARN,,49.42906717,51.80654306,50.61780511,52.2254484,49.9930542,48.88371154,50.45671531,43.07587775,46.95177607,43.125125,42.68044565,40.59897273,,40.59897273,41.84598102
main_Medulla_PGRNI,36.79004348,52.33602174,,52.33602174,52.71703959,,47.9964,49.33115537,45.38183929,43.75443716,40.07587558,43.24315789,43.77662963,,43.77662963,44.70940816
main_Medulla_SPIV,49.505,46.81664706,49.90870968,48.36267837,50.07978129,47.16087143,43.10892308,47.24009091,40.8483489,43.64033111,,39.2636087,36.40869697,42.77596479,39.59233088,37.85105263
main_Medulla_SPVC,50.72414951,,,,51.18866799,,,51.79975,49.00147619,49.19811168,45.29762274,49.40562268,43.62166667,46.74714286,45.18440476,
main_Medulla_SUV,,49.06788889,46.56954545,47.81871717,48.58397917,42.25979545,41.63390909,45.88329391,38.5004441,47.00504,,34.26862295,33.06352632,43.50047761,38.28200196,35.83891667
main_Medulla_VII,,52.56123529,50.81119455,51.68621492,50.19568966,,46.22372414,45.48472323,43.35480282,46.33979658,35.80864234,43.13439352,41.95822475,,41.95822475,42.20789098
main_Midbrain_APN,50.92324719,51.18693421,51.87290115,51.52991768,56.65945455,49.00826057,51.76809217,52.34910526,45.02459677,48.9835,41.45572861,46.71218812,39.98407143,49.60206277,44.7930671,45.66759925
main_Midbrain_CUN,,47.62419405,46.98024242,47.30221824,52.34889279,43.26448458,47.9972736,45.85784375,39.75041848,45.45362618,,41.31422901,40.62195,44.77167461,42.6968123,41.94518056
main_Midbrain_IC,43.92598806,44.98438889,45.17827831,45.0813336,52.68380952,44.18912903,45.79008219,48.40903341,42.633435,45.9450137,48.99275,43.14066941,44.04568463,42.81755136,43.43161799,42.67247368
main_Midbrain_MEV,50.93932432,,,,54.09134091,45.7887093,47.51989195,46.74029897,,45.2408125,,39.05216393,,50.29962222,50.29962222,
main_Midbrain_MRN,51.01026475,52.30248944,51.290125,51.79630722,55.95406452,46.6818125,48.67091489,50.75348611,44.85647224,47.26127119,46.48367763,46.807,37.19698968,49.86504348,43.53101658,42.17140625
main_Midbrain_NOT,48.257259,42.09634752,43.01888662,42.55761707,54.21136364,46.72561905,46.09531395,47.07660279,43.02746623,46.09241925,44.5082406,42.4239802,43.31295947,43.90752725,43.61024336,42.61441
main_Midbrain_PPN,,51.7463354,50.87073276,51.30853408,52.18096818,41.41664516,43.86429545,47.58624,41.35756167,47.63252632,,43.04672013,35.7202,47.38038095,41.55029048,40.48451563
main_Midbrain_PPT,50.35085357,45.766,47.00958974,46.38779487,56.22620833,42.37209286,45.22986747,52.80787033,44.33117462,45.69082108,43.38462955,49.66388,40.76259259,44.90020027,42.83139643,42.23992593
main_Midbrain_RN,37.46044,,,,,45.04553488,44.1979375,44.98493632,,41.99559109,,,,44.777,44.777,
main_Midbrain_RR,42.63329167,50.3493937,51.91974483,51.13456927,52.98335135,42.7174357,42.01389474,45.44669166,41.07558824,44.84606893,41.63636782,43.96779452,35.41457143,48.3217544,41.86816292,37.60381818
main_Midbrain_SCm,47.20396262,46.2481243,46.93403571,46.59108001,54.63995253,48.14417722,47.41273601,49.971976,42.43947243,45.58626877,43.2045928,43.5266625,40.00573891,44.75942464,42.38258177,43.90111111
main_Midbrain_SCs,43.11988433,43.26680769,42.5105385,42.88867309,51.15364734,47.42179687,48.35491589,45.39103941,42.87379911,47.08764803,,43.47206383,46.14035729,44.29429446,45.21732587,43.77766379
main_Midbrain_SNc,,44.02617778,47.49244828,45.75931303,37.28022105,39.166025,34.94848338,36.45928718,37.62896,40.50104213,37.54305152,42.91230712,32.92853279,48.2616548,40.59509379,34.85884444
main_Midbrain_SNr,35.61371429,34.68460976,35.68411864,35.1843642,32.43219444,32.43278723,35.80802308,33.316375,39.78329545,38.1412439,33.02200954,38.33722553,32.52248916,40.18635714,36.35442315,35.09798333
main_OlfactoryAreas_AON1,45.80552281,47.32395015,46.70653873,47.01524444,47.85676859,45.02099306,49.07832362,50.23501453,50.97059178,52.69659151,53.88129948,55.96703454,44.53634483,47.78920334,46.16277409,45.79859188
main_OlfactoryAreas_AON2,47.12841594,51.24674799,48.00647826,49.62661312,51.11427116,45.93754723,49.12554934,52.07240263,57.90518511,53.69001616,57.90849335,62.53739891,47.15869767,52.44328534,49.80099151,46.13997059
main_OlfactoryAreas_MOBgl,38.22297449,37.98797297,37.41880788,37.70339043,38.56102151,38.0965,38.1959829,39.1531129,40.02150769,37.01272,38.72207902,38.29994838,35.85287069,,35.85287069,38.1622197
main_OlfactoryAreas_MOBgr,49.71041389,47.47495833,45.85913253,46.66704543,55.93932911,51.93144286,51.38103371,52.69575,44.6259951,41.23351628,54.6838,52.6242893,48.12405652,,48.12405652,51.08906667
main_OlfactoryAreas_MOBipl,50.63630083,48.64886832,47.69747205,48.17317019,53.31373438,58.29306633,52.30771774,49.46333088,45.67998795,43.27770675,53.08521198,51.13359167,51.00618993,,51.00618993,50.37144858
main_OlfactoryAreas_MOBmi,49.60774359,47.12906579,48.10379785,47.61643182,54.19210714,55.22989189,52.70976471,48.00444444,42.63994444,41.01854444,49.98584507,45.21674619,41.19842649,,41.19842649,48.01171084
main_OlfactoryAreas_MOBopl,47.14685859,47.07686105,45.00013542,46.03849823,48.1382659,53.00051438,47.7990625,46.58964532,44.83743243,43.19747389,46.78731651,46.84418491,48.76031013,,48.76031013,52.6849646
main_OlfactoryAreas_PIR1,51.20231232,48.86007895,49.24286802,49.05147349,52.84198198,50.3970024,53.24673224,58.25054258,49.18239579,54.20139073,52.02153913,55.47264138,46.32441897,50.17007636,48.24724767,47.0673541
main_OlfactoryAreas_PIR2,46.76610965,47.27278316,49.03643396,48.15460856,49.96111411,45.65564032,47.8177601,53.51296286,48.14153241,49.93531887,46.78707104,52.72262623,40.24988982,47.27362594,43.76175788,43.25185971
main_Pallidum_BST,38.69769804,46.4188861,42.29648214,44.35768412,46.4262053,43.77069821,37.69530973,41.95745882,38.83085938,40.73538462,,,,,,40.28359184
main_Pallidum_GPi,,,43.31595556,43.31595556,,38.44415207,44.66164962,46.83416741,32.336,35.77173913,32.95375778,32.74085714,32.84579091,37.04882857,34.94730974,37.10067708
main_Pallidum_NDB,43.45194341,43.01886293,42.56397155,42.79141724,49.98608511,44.89150972,42.89880343,44.27698276,38.06395331,40.16973034,,43.29524219,37.36702632,45.6133945,41.49021041,36.73664835
main_Pallidum_SI,43.65902717,38.75153305,39.24413559,38.99783432,47.25759016,42.59986207,38.76489474,38.81713386,36.42728972,37.22518917,36.32967581,37.51328491,34.67891176,39.29008451,36.98449814,34.35569767
main_Pons_PB,50.40852174,48.53954074,48.42351613,48.48152844,51.33367867,42.86771795,46.01446806,46.11258907,41.36357612,45.25428714,40.2186764,41.34489803,37.16657746,45.65200031,41.40928889,41.24879104
main_Pons_PG,47.86272,,47.52290291,47.52290291,46.26615441,,43.73149333,47.87205172,45.99237805,45.63163889,,42.32878366,,,,37.59854887
main_Pons_PRNc,38.76041615,51.39103138,51.1601875,51.27560944,53.9812093,48.347825,49.17552941,51.16835852,44.07487602,49.03663889,41.90422675,45.99270833,37.16488235,50.33160197,43.74824216,38.33794231
main_Pons_PRNr,40.61829437,52.57966667,52.29314286,52.43640476,54.35730556,45.66446875,49.41046154,50.8946,43.71551168,48.56036667,43.35740411,45.52251429,36.56847222,50.17971111,43.37409167,38.17313043
main_Pons_SOC,39.63694839,49.74377778,50.36997143,50.0568746,56.5985,,47.48767105,52.60100549,41.32186957,49.50573717,39.49059524,47.33793333,36.75242308,49.75030143,43.25136226,39.22902857
main_Pons_V,,46.83855,46.67564706,46.75709853,53.11051401,46.52703138,50.40625534,50.1593127,39.59064417,,37.59452381,43.40998684,35.30288,49.8615,42.58219,37.51218182
main_Striatum_ACBc,43.51062374,49.58251117,46.66454723,48.1235292,47.05162092,41.60918325,45.72015894,50.54850224,49.43863333,49.08032087,49.84826562,57.17428571,43.27865052,48.09198231,45.68531641,40.66646559
main_Striatum_ACBsh,42.20987973,50.18875707,47.63523573,48.9119964,45.21258304,43.00532787,45.532,47.4052492,49.71862586,49.93624711,43.54114573,54.24201201,43.09013687,48.58302098,45.83657893,41.53292913
main_Striatum_CP,48.17432216,50.18745687,47.50279511,48.84512599,52.80362268,43.49002668,47.78182517,56.03476586,50.20707394,47.95567495,56.38784397,59.78124166,44.005243,48.40397054,46.20460677,42.67620332
main_Striatum_FS,39.33535366,42.07577005,41.0040241,41.53989707,40.96327461,42.06580247,38.77618269,42.18047443,41.77989481,41.32095089,46.41145614,46.96671131,42.69452979,44.29786436,43.49619707,36.65548198
main_Striatum_isl,42.34926433,42.24352858,36.27637736,39.25995297,46.64437037,37.59560571,42.16456499,40.64170064,39.95615975,45.31051977,41.19803194,47.79968182,37.71003743,42.4402375,40.07513747,39.76635557
main_Striatum_OT1,43.76111294,53.89903751,49.61133824,51.75518787,47.53828837,43.64377432,48.08528387,47.76260363,47.36759559,55.36360377,42.46418169,60.85687403,43.30946119,48.58544248,45.94745184,44.08711751
main_Striatum_OT2,41.36078632,46.77992638,43.90393859,45.34193248,43.77044407,41.67916038,44.05517869,43.90569742,44.21725246,47.16310154,39.321691,50.91078,40.08754386,44.42261069,42.25507728,41.39941285
main_Striatum_OT3,40.87053812,49.48063838,45.724625,47.60263169,44.24004151,42.74783998,44.63805231,44.89214474,46.20966794,49.98276947,40.12016393,52.22851037,42.89828,44.77439901,43.83633951,41.44746311
main_Thalamus_LD,52.62644402,48.09354717,48.92172302,48.5076351,47.67544003,52.66329299,52.0976962,50.42549986,46.45048416,46.37180071,46.92616667,49.30127432,47.02492308,49.21652252,48.1207228,44.31276884
main_Thalamus_LP,46.98199545,46.95353614,46.22580381,46.58966998,50.184987,42.7807378,42.20943711,48.53927811,45.3791616,43.7157823,47.57266939,49.51249103,40.83804109,45.41563406,43.12683758,41.17029894
main_Thalamus_PO,48.08946844,50.25881498,50.55447252,50.40664375,50.78769382,52.23208856,50.10569417,51.14029085,46.50766675,45.63779938,49.84611537,49.98188276,44.69835912,47.45741702,46.07788807,42.66259533
main_Thalamus_RT,50.09002439,53.36803704,52.1104697,52.73925337,53.10163896,43.75338,50.09832258,50.66209722,45.33801667,48.18664656,47.7188125,47.62936486,38.50471429,49.91005896,44.20738662,41.82057222
main_Thalamus_SPFp,47.19094657,49.69609774,48.17523944,48.93566859,53.37225928,46.22145893,45.60468421,48.96348205,43.79491278,46.5296732,44.934175,47.44226582,41.15185567,49.221375,45.18661534,46.30777885
main_Thalamus_VPL,,54.89349751,52.12464467,53.50907109,54.67260859,57.23194283,54.64673862,52.91491739,47.41270918,48.90584375,50.07072982,49.34616319,49.03762251,50.01169859,49.52466055,48.15247999
main_Thalamus_VPM,51.23843133,56.60644693,55.24279592,55.92462142,59.09666184,59.26207054,57.92215264,55.7703057,48.28912556,46.03799658,50.92504654,48.10489161,45.87524324,47.76803101,46.82163713,43.23938403